model  ,freq ,workload      ,power                ,speed
big    ,200  ,cachekiller   ,0.046370337719298264 ,0.5481108312342569
big    ,300  ,cachekiller   ,0.06724146315789474  ,0.7130529765155653
big    ,400  ,cachekiller   ,0.08623488179824564  ,0.8258064516129032
big    ,500  ,cachekiller   ,0.10427734364035088  ,0.8930232558139534
big    ,600  ,cachekiller   ,0.1221203989035088   ,0.9460869565217389
big    ,700  ,cachekiller   ,0.13511635460526322  ,0.9728763040238447
big    ,800  ,cachekiller   ,0.1547402497807018   ,0.988342165026495
big    ,900  ,cachekiller   ,0.1816307089912281   ,0.9936073059360729
big    ,1000 ,cachekiller   ,0.2117253372807018   ,0.9996937212863708
big    ,1100 ,cachekiller   ,0.2431213975877194   ,0.9981651376146788
big    ,1200 ,cachekiller   ,0.27735339298245626  ,1.0012269938650307
big    ,1300 ,cachekiller   ,0.3125739574561404   ,1.0136645962732915
big    ,1400 ,cachekiller   ,0.35291329890350887  ,1.0144522144522143
big    ,1500 ,cachekiller   ,0.3959569114035089   ,1.0136645962732915
big    ,1600 ,cachekiller   ,0.4544257690789475   ,1.0168224299065418
big    ,1700 ,cachekiller   ,0.5214579745614036   ,1.0130353817504656
big    ,1800 ,cachekiller   ,0.592081461403509    ,0.977538185085355
big    ,1900 ,cachekiller   ,0.6937001504385967   ,0.9837251356238695
big    ,2000 ,cachekiller   ,0.8327461896929826   ,1.0
little ,200  ,cachekiller   ,0.008539982236842108 ,0.3474188398084087
little ,300  ,cachekiller   ,0.012182132456140353 ,0.44912280701754387
little ,400  ,cachekiller   ,0.014005958114035091 ,0.5006134969325153
little ,500  ,cachekiller   ,0.015792409210526322 ,0.5562846186621218
little ,600  ,cachekiller   ,0.019400280701754386 ,0.571628721541156
little ,700  ,cachekiller   ,0.023191424342105273 ,0.602770083102493
little ,800  ,cachekiller   ,0.02703728881578948  ,0.6550928248871047
little ,900  ,cachekiller   ,0.031118994298245623 ,0.6577329974811084
little ,1000 ,cachekiller   ,0.035260647368421064 ,0.6782337662337663
little ,1100 ,cachekiller   ,0.039072928728070194 ,0.6835602094240836
little ,1200 ,cachekiller   ,0.04376909188596493  ,0.7053484602917344
little ,1300 ,cachekiller   ,0.050276267982456165 ,0.7225235196458217
little ,1400 ,cachekiller   ,0.05772867938596493  ,0.7042071197411004
little ,1500 ,cachekiller   ,0.06352728925438597  ,0.7169686985172982
big    ,200  ,cacherate-0   ,0.04366718728070178  ,0.09823926279414175
big    ,300  ,cacherate-0   ,0.06523324078947369  ,0.14819411691696643
big    ,400  ,cacherate-0   ,0.0860905929824562   ,0.1982071713147409
big    ,500  ,cacherate-0   ,0.10803966820175444  ,0.24843945068664153
big    ,600  ,cacherate-0   ,0.12967542412280705  ,0.29835082458770584
big    ,700  ,cacherate-0   ,0.14661239232456147  ,0.348511383537653
big    ,800  ,cacherate-0   ,0.17228200372807023  ,0.3987975951903803
big    ,900  ,cacherate-0   ,0.20552874100877197  ,0.4483665039429212
big    ,1000 ,cacherate-0   ,0.24169654122807024  ,0.4987468671679195
big    ,1100 ,cacherate-0   ,0.2823589478070176   ,0.5494707777266445
big    ,1200 ,cacherate-0   ,0.32637425701754397  ,0.5993975903614455
big    ,1300 ,cacherate-0   ,0.3728810462719299   ,0.6482084690553742
big    ,1400 ,cacherate-0   ,0.4239254403508774   ,0.6982456140350874
big    ,1500 ,cacherate-0   ,0.4790798537280702   ,0.7490589711417811
big    ,1600 ,cacherate-0   ,0.5542479405701757   ,0.7991967871485941
big    ,1700 ,cacherate-0   ,0.637384364035088    ,0.8504273504273497
big    ,1800 ,cacherate-0   ,0.7269007927631582   ,0.9004524886877824
big    ,1900 ,cacherate-0   ,0.8571452225877194   ,0.9494274809160297
big    ,2000 ,cacherate-0   ,1.034073193640351    ,1.0
little ,200  ,cacherate-0   ,0.012699639912280705 ,0.0801342281879194
little ,300  ,cacherate-0   ,0.019042713157894745 ,0.12102169065477388
little ,400  ,cacherate-0   ,0.025394913377193    ,0.16203012620436952
little ,500  ,cacherate-0   ,0.031551910087719306 ,0.20299217953077162
little ,600  ,cacherate-0   ,0.041238158333333344 ,0.24382274862160486
little ,700  ,cacherate-0   ,0.051677828070175465 ,0.2849642004773267
little ,800  ,cacherate-0   ,0.06382413925438597  ,0.3256067630215433
little ,900  ,cacherate-0   ,0.0746191888157895   ,0.36693300553165314
little ,1000 ,cacherate-0   ,0.08913169561403513  ,0.4076476613178556
little ,1100 ,cacherate-0   ,0.10507495350877195  ,0.44904099285445614
little ,1200 ,cacherate-0   ,0.12340519780701757  ,0.4901477832512314
little ,1300 ,cacherate-0   ,0.14721625526315793  ,0.5306666666666662
little ,1400 ,cacherate-0   ,0.17276313793859654  ,0.5718390804597699
little ,1500 ,cacherate-0   ,0.1980700083333334   ,0.612307692307692
big    ,200  ,cacherate-100 ,0.04649320065789476  ,0.5520110957004162
big    ,300  ,cacherate-100 ,0.06769678157894739  ,0.7145421903052065
big    ,400  ,cacherate-100 ,0.08606660635964915  ,0.8251554941257777
big    ,500  ,cacherate-100 ,0.10480151710526317  ,0.8950524737631186
big    ,600  ,cacherate-100 ,0.12235734890350879  ,0.9476190476190478
big    ,700  ,cacherate-100 ,0.13614760635964915  ,0.9762878168438271
big    ,800  ,cacherate-100 ,0.1554590907894737   ,0.9900497512437814
big    ,900  ,cacherate-100 ,0.183371939254386    ,0.9958298582151794
big    ,1000 ,cacherate-100 ,0.21291152039473696  ,1.0058972198820557
big    ,1100 ,cacherate-100 ,0.2447745458333334   ,1.0
big    ,1200 ,cacherate-100 ,0.27951120065789475  ,1.0033613445378158
big    ,1300 ,cacherate-100 ,0.31484018135964925  ,1.0161702127659575
big    ,1400 ,cacherate-100 ,0.3541457791666668   ,1.0248927038626614
big    ,1500 ,cacherate-100 ,0.39858528859649134  ,1.0170357751277683
big    ,1600 ,cacherate-100 ,0.45731448421052645  ,1.022260273972603
big    ,1700 ,cacherate-100 ,0.5219498114035089   ,1.0163432073544436
big    ,1800 ,cacherate-100 ,0.5933551440789475   ,0.9841740850642932
big    ,1900 ,cacherate-100 ,0.6971888807017546   ,0.9851485148514854
big    ,2000 ,cacherate-100 ,0.8439099221491231   ,1.0
little ,200  ,cacherate-100 ,0.008375470175438599 ,0.347699475829936
little ,300  ,cacherate-100 ,0.011941044956140352 ,0.4375229021619642
little ,400  ,cacherate-100 ,0.013439497807017545 ,0.5023138409760202
little ,500  ,cacherate-100 ,0.01585652872807018  ,0.5597749648382561
little ,600  ,cacherate-100 ,0.019041914035087724 ,0.5790494665373425
little ,700  ,cacherate-100 ,0.022254846271929828 ,0.6057838660578387
little ,800  ,cacherate-100 ,0.026249290570175447 ,0.621875
little ,900  ,cacherate-100 ,0.030197681359649127 ,0.66076369673492
little ,1000 ,cacherate-100 ,0.03448543311403509  ,0.6749576031656302
little ,1100 ,cacherate-100 ,0.037897448245614036 ,0.7056737588652483
little ,1200 ,cacherate-100 ,0.042287509429824566 ,0.6994727592267135
little ,1300 ,cacherate-100 ,0.048666156359649125 ,0.7102914931588342
little ,1400 ,cacherate-100 ,0.05569266885964912  ,0.7048406139315231
little ,1500 ,cacherate-100 ,0.06251513377192984  ,0.7145421903052065
big    ,200  ,cacherate-20  ,0.06224201271929825  ,0.13929668828951858
big    ,300  ,cacherate-20  ,0.09031295635964913  ,0.21049011177987959
big    ,400  ,cacherate-20  ,0.11457875153508777  ,0.2813793103448275
big    ,500  ,cacherate-20  ,0.13525627017543865  ,0.3523316062176165
big    ,600  ,cacherate-20  ,0.15484608706140354  ,0.42323651452282146
big    ,700  ,cacherate-20  ,0.1671393655701755   ,0.49394673123486676
big    ,800  ,cacherate-20  ,0.18703850153508778  ,0.5650969529085872
big    ,900  ,cacherate-20  ,0.2150180129385965   ,0.6355140186915887
big    ,1000 ,cacherate-20  ,0.24498888903508784  ,0.7058823529411766
big    ,1100 ,cacherate-20  ,0.27520005855263163  ,0.775665399239544
big    ,1200 ,cacherate-20  ,0.3089404539473685   ,0.8412371134020619
big    ,1300 ,cacherate-20  ,0.34497253223684216  ,0.8511821974965228
big    ,1400 ,cacherate-20  ,0.38364793574561407  ,0.8875997099347354
big    ,1500 ,cacherate-20  ,0.4256887686403509   ,0.9039881831610049
big    ,1600 ,cacherate-20  ,0.4851290513157896   ,0.9272727272727276
big    ,1700 ,cacherate-20  ,0.5499637448476963   ,0.9461966604823747
big    ,1800 ,cacherate-20  ,0.6271905282894739   ,0.9514925373134325
big    ,1900 ,cacherate-20  ,0.7298779160087722   ,0.967741935483871
big    ,2000 ,cacherate-20  ,0.8808608002192985   ,1.0
little ,200  ,cacherate-20  ,0.015648381359649126 ,0.1137757947573898
little ,300  ,cacherate-20  ,0.021132995175438606 ,0.1700944969427459
little ,400  ,cacherate-20  ,0.024005555921052642 ,0.21833749554049228
little ,500  ,cacherate-20  ,0.026889963157894745 ,0.27623561272850367
little ,600  ,cacherate-20  ,0.03304108179824563  ,0.320754716981132
little ,700  ,cacherate-20  ,0.03863717741228073  ,0.3491158014831716
little ,800  ,cacherate-20  ,0.044248687500000015 ,0.39586028460543327
little ,900  ,cacherate-20  ,0.05022763355263159  ,0.41379310344827575
little ,1000 ,cacherate-20  ,0.05627053925438597  ,0.4226519337016574
little ,1100 ,cacherate-20  ,0.059898759210526314 ,0.427972027972028
little ,1200 ,cacherate-20  ,0.0673128089912281   ,0.44933920704845803
little ,1300 ,cacherate-20  ,0.07597380635964916  ,0.46328538985616946
little ,1400 ,cacherate-20  ,0.08552741403508776  ,0.46878590578322477
little ,1500 ,cacherate-20  ,0.09489004912280705  ,0.47644998053717397
big    ,200  ,cacherate-40  ,0.05318682214912283  ,0.3226043580992386
big    ,300  ,cacherate-40  ,0.07462591929824565  ,0.48761904761904756
big    ,400  ,cacherate-40  ,0.09413370350877197  ,0.6501587301587302
big    ,500  ,cacherate-40  ,0.11029543508771933  ,0.8062992125984251
big    ,600  ,cacherate-40  ,0.12752886030701754  ,0.8789699570815452
big    ,700  ,cacherate-40  ,0.14187508618421055  ,0.9239097744360902
big    ,800  ,cacherate-40  ,0.16173205855263162  ,0.9675590551181101
big    ,900  ,cacherate-40  ,0.18993528092105266  ,0.9901692183722803
big    ,1000 ,cacherate-40  ,0.21902839057017548  ,1.0072131147540984
big    ,1100 ,cacherate-40  ,0.24928415548245614  ,1.010526315789474
big    ,1200 ,cacherate-40  ,0.2842280789473684   ,1.018905472636816
big    ,1300 ,cacherate-40  ,0.31878974714912284  ,1.0502564102564105
big    ,1400 ,cacherate-40  ,0.3573439839912282   ,1.0457872340425534
big    ,1500 ,cacherate-40  ,0.397544941008772    ,1.053859348198971
big    ,1600 ,cacherate-40  ,0.45696980065789494  ,1.0602243313201036
big    ,1700 ,cacherate-40  ,0.5204042995614035   ,1.0622406639004152
big    ,1800 ,cacherate-40  ,0.5915269899122809   ,0.9770992366412214
big    ,1900 ,cacherate-40  ,0.6939787780701759   ,0.9846153846153844
big    ,2000 ,cacherate-40  ,0.8355704081140353   ,1.0
little ,200  ,cacherate-40  ,0.011495796491228073 ,0.253413074860796
little ,300  ,cacherate-40  ,0.01630578662280702  ,0.3459459459459459
little ,400  ,cacherate-40  ,0.018351825219298252 ,0.3909640470887686
little ,500  ,cacherate-40  ,0.020594253508771934 ,0.4368290081763242
little ,600  ,cacherate-40  ,0.02488216907894737  ,0.44345001804402734
little ,700  ,cacherate-40  ,0.029171500438596495 ,0.4708045977011493
little ,800  ,cacherate-40  ,0.03356136666666668  ,0.4860759493670886
little ,900  ,cacherate-40  ,0.03791836162280703  ,0.506512778235779
little ,1000 ,cacherate-40  ,0.04334327916666667  ,0.5195771670190277
little ,1100 ,cacherate-40  ,0.04701151271929827  ,0.5202370872142252
little ,1200 ,cacherate-40  ,0.05207773662280704  ,0.5439575033200531
little ,1300 ,cacherate-40  ,0.05940142894736843  ,0.538239159001314
little ,1400 ,cacherate-40  ,0.06799334583333334  ,0.5377680525164114
little ,1500 ,cacherate-40  ,0.07556312127192984  ,0.5449223946784922
big    ,200  ,cacherate-60  ,0.047896581140350884 ,0.5202942449156209
big    ,300  ,cacherate-60  ,0.06812853486842105  ,0.7500935745477231
big    ,400  ,cacherate-60  ,0.09006635197368426  ,0.8545842217484009
big    ,500  ,cacherate-60  ,0.10753705087719302  ,0.8420168067226894
big    ,600  ,cacherate-60  ,0.1247909484649123   ,0.9185637891520249
big    ,700  ,cacherate-60  ,0.13810544276315792  ,0.9626901521216975
big    ,800  ,cacherate-60  ,0.15698291535087724  ,0.9937190082644632
big    ,900  ,cacherate-60  ,0.1852321964912281   ,1.0095717884130984
big    ,1000 ,cacherate-60  ,0.21422392258771933  ,1.0189830508474575
big    ,1100 ,cacherate-60  ,0.2450427607456141   ,1.0233191489361704
big    ,1200 ,cacherate-60  ,0.2798739375         ,1.024190800681431
big    ,1300 ,cacherate-60  ,0.31524925789473696  ,1.0547368421052632
big    ,1400 ,cacherate-60  ,0.35336628179824575  ,1.0556628621597897
big    ,1500 ,cacherate-60  ,0.39566092061403524  ,1.056590509666081
big    ,1600 ,cacherate-60  ,0.45583942192982474  ,1.0621908127208484
big    ,1700 ,cacherate-60  ,0.5223503186403509   ,1.056962025316456
big    ,1800 ,cacherate-60  ,0.5927824296052633   ,0.980430528375734
big    ,1900 ,cacherate-60  ,0.6940384074561408   ,0.9823529411764707
big    ,2000 ,cacherate-60  ,0.8299879048245614   ,1.0
little ,200  ,cacherate-60  ,0.009873305921052636 ,0.3040971168437026
little ,300  ,cacherate-60  ,0.013967198903508775 ,0.38862314156431804
little ,400  ,cacherate-60  ,0.015975905701754393 ,0.4476545048399107
little ,500  ,cacherate-60  ,0.018212357236842114 ,0.4927868852459016
little ,600  ,cacherate-60  ,0.021758342763157894 ,0.5200692041522491
little ,700  ,cacherate-60  ,0.025584084868421054 ,0.554356846473029
little ,800  ,cacherate-60  ,0.02969175942982457  ,0.5722989052831986
little ,900  ,cacherate-60  ,0.034070026754385974 ,0.5928994082840237
little ,1000 ,cacherate-60  ,0.03874712938596491  ,0.6162993336750386
little ,1100 ,cacherate-60  ,0.0425288388157895   ,0.6249480249480249
little ,1200 ,cacherate-60  ,0.04727139298245614  ,0.6372019077901431
little ,1300 ,cacherate-60  ,0.054231729605263165 ,0.6495948136142625
little ,1400 ,cacherate-60  ,0.06173601995614035  ,0.6395744680851065
little ,1500 ,cacherate-60  ,0.06907061557017546  ,0.6517073170731708
big    ,200  ,cacherate-80  ,0.047163067543859676 ,0.5832926233512459
big    ,300  ,cacherate-80  ,0.06845122390350879  ,0.6897746967071059
big    ,400  ,cacherate-80  ,0.08814896732456143  ,0.8002680965147453
big    ,500  ,cacherate-80  ,0.1057855315789474   ,0.8753665689149562
big    ,600  ,cacherate-80  ,0.12322102719298246  ,0.9379418695993716
big    ,700  ,cacherate-80  ,0.1367415756578948   ,0.9683698296836983
big    ,800  ,cacherate-80  ,0.15539845328947374  ,0.9875930521091814
big    ,900  ,cacherate-80  ,0.1837248585526316   ,0.9941715237302251
big    ,1000 ,cacherate-80  ,0.2130448335526316   ,1.0033613445378156
big    ,1100 ,cacherate-80  ,0.24528079649122816  ,1.0008382229673096
big    ,1200 ,cacherate-80  ,0.28007274429824563  ,1.0016778523489935
big    ,1300 ,cacherate-80  ,0.31514327236842116  ,1.0213857998289138
big    ,1400 ,cacherate-80  ,0.3532264600877194   ,1.0231362467866325
big    ,1500 ,cacherate-80  ,0.39736109188596497  ,1.02401372212693
big    ,1600 ,cacherate-80  ,0.45622432850877204  ,1.026655202063629
big    ,1700 ,cacherate-80  ,0.5214687133771929   ,1.0226104830421376
big    ,1800 ,cacherate-80  ,0.5930064708333335   ,0.983201581027668
big    ,1900 ,cacherate-80  ,0.696592895394737    ,0.983201581027668
big    ,2000 ,cacherate-80  ,0.8403514203947373   ,1.0
little ,200  ,cacherate-80  ,0.009047858333333337 ,0.3257844474761255
little ,300  ,cacherate-80  ,0.012615824342105264 ,0.41300588031822894
little ,400  ,cacherate-80  ,0.014465536622807022 ,0.47645650438946535
little ,500  ,cacherate-80  ,0.01660996469298246  ,0.5180043383947939
little ,600  ,cacherate-80  ,0.020030020394736843 ,0.5571628558096128
little ,700  ,cacherate-80  ,0.02356295175438597  ,0.5830078124999999
little ,800  ,cacherate-80  ,0.027511514912280714 ,0.6141975308641976
little ,900  ,cacherate-80  ,0.031589671052631586 ,0.6231732776617954
little ,1000 ,cacherate-80  ,0.03618113201754387  ,0.6475054229934925
little ,1100 ,cacherate-80  ,0.03946343574561405  ,0.6625971143174251
little ,1200 ,cacherate-80  ,0.04419534100877193  ,0.6707865168539326
little ,1300 ,cacherate-80  ,0.050791354385964924 ,0.6799544419134398
little ,1400 ,cacherate-80  ,0.057777530701754384 ,0.6822857142857146
little ,1500 ,cacherate-80  ,0.0648959677631579   ,0.6858127512923606
big    ,200  ,decrypt       ,0.07268284978070177  ,0.09930712339431678
big    ,300  ,decrypt       ,0.10971089166666667  ,0.15028275212064077
big    ,400  ,decrypt       ,0.14674891907894747  ,0.2010718789407313
big    ,500  ,decrypt       ,0.18026343881578952  ,0.2520450503852991
big    ,600  ,decrypt       ,0.2153104574561404   ,0.30284900284900274
big    ,700  ,decrypt       ,0.25275437083333335  ,0.3532539462752698
big    ,800  ,decrypt       ,0.29640079605263175  ,0.4037986704653369
big    ,900  ,decrypt       ,0.3572176633771931   ,0.4542735042735039
big    ,1000 ,decrypt       ,0.41945142280701764  ,0.5043890865954921
big    ,1100 ,decrypt       ,0.4897216057017544   ,0.5543676662320728
big    ,1200 ,decrypt       ,0.5648350188596493   ,0.604549763033175
big    ,1300 ,decrypt       ,0.6476788096491228   ,0.65482546201232
big    ,1400 ,decrypt       ,0.735014430263158    ,0.7028099173553718
big    ,1500 ,decrypt       ,0.8344580291666668   ,0.7530106257378977
big    ,1600 ,decrypt       ,0.9629609644736844   ,0.8017598994343172
big    ,1700 ,decrypt       ,1.1110844039473686   ,0.8517628205128205
big    ,1800 ,decrypt       ,1.2815197572368422   ,0.900847457627119
big    ,1900 ,decrypt       ,1.5210667995614038   ,0.9499553172475419
big    ,2000 ,decrypt       ,1.6821874265350878   ,1.0
little ,200  ,decrypt       ,0.014292818201754388 ,0.05933299223219679
little ,300  ,decrypt       ,0.02145403179824562  ,0.08968572031217036
little ,400  ,decrypt       ,0.028356853728070185 ,0.11988721804511268
little ,500  ,decrypt       ,0.03524131732456141  ,0.1503358868591631
little ,600  ,decrypt       ,0.045866935307017555 ,0.17968727989857713
little ,700  ,decrypt       ,0.057789950877193005 ,0.21056454275338374
little ,800  ,decrypt       ,0.06863235307017547  ,0.23990972352830525
little ,900  ,decrypt       ,0.082287652631579    ,0.27019699216267734
little ,1000 ,decrypt       ,0.09796625526315793  ,0.3004946996466429
little ,1100 ,decrypt       ,0.11553630263157899  ,0.33003880983182393
little ,1200 ,decrypt       ,0.1346727802631579   ,0.35993227990970617
little ,1300 ,decrypt       ,0.15852561973684215  ,0.3897341888175982
little ,1400 ,decrypt       ,0.18637279364035092  ,0.4191915872494246
little ,1500 ,decrypt       ,0.2117931478070176   ,0.4475789473684208
big    ,200  ,encrypt       ,0.07232116030701756  ,0.09955487336914798
big    ,300  ,encrypt       ,0.10811378793859652  ,0.15045233124565047
big    ,400  ,encrypt       ,0.143219451754386    ,0.20155376009944032
big    ,500  ,encrypt       ,0.17597496403508778  ,0.2524226503210739
big    ,600  ,encrypt       ,0.21006998640350888  ,0.3031549427436313
big    ,700  ,encrypt       ,0.24484637697368428  ,0.3541359541359537
big    ,800  ,encrypt       ,0.2883451107456141   ,0.40461634435433513
big    ,900  ,encrypt       ,0.3449186002192983   ,0.454679284963196
big    ,1000 ,encrypt       ,0.40546699210526327  ,0.5053369692247754
big    ,1100 ,encrypt       ,0.47285906491228086  ,0.5557840616966577
big    ,1200 ,encrypt       ,0.5450590765350879   ,0.605037313432835
big    ,1300 ,encrypt       ,0.6244358833333334   ,0.6558139534883718
big    ,1400 ,encrypt       ,0.7102787210526319   ,0.7046170559478535
big    ,1500 ,encrypt       ,0.797503155921053    ,0.7541860465116269
big    ,1600 ,encrypt       ,0.9276310278508777   ,0.8037174721189588
big    ,1700 ,encrypt       ,1.0707357017543864   ,0.8525236593059932
big    ,1800 ,encrypt       ,1.2297135131578951   ,0.9023372287145228
big    ,1900 ,encrypt       ,1.4589808223684215   ,0.950747581354441
big    ,2000 ,encrypt       ,1.6486789368421055   ,1.0
little ,200  ,encrypt       ,0.014223948026315793 ,0.06078440560423589
little ,300  ,encrypt       ,0.021304104605263163 ,0.09181116851864948
little ,400  ,encrypt       ,0.028163169298245617 ,0.12293404094010595
little ,500  ,encrypt       ,0.03508118947368422  ,0.15400688590763367
little ,600  ,encrypt       ,0.04576585877192984  ,0.18499714774671966
little ,700  ,encrypt       ,0.05768357236842107  ,0.21591211717709696
little ,800  ,encrypt       ,0.0684908278508772   ,0.24647539426182757
little ,900  ,encrypt       ,0.08203898728070178  ,0.2758826031475964
little ,1000 ,encrypt       ,0.09781279802631583  ,0.3069569332702315
little ,1100 ,encrypt       ,0.11523655438596497  ,0.33825293350717045
little ,1200 ,encrypt       ,0.13482588333333337  ,0.36695898161244656
little ,1300 ,encrypt       ,0.1589764905701755   ,0.39926131117266794
little ,1400 ,encrypt       ,0.18651391995614036  ,0.42741350906095515
little ,1500 ,encrypt       ,0.211880716885965    ,0.45934844192634494
big    ,200  ,gzip-1        ,0.07760179868421056  ,0.09935713732476176
big    ,300  ,gzip-1        ,0.11629515087719301  ,0.15031638153269264
big    ,400  ,gzip-1        ,0.1541564559210527   ,0.20131826741996225
big    ,500  ,gzip-1        ,0.1856669539473685   ,0.2520730988406365
big    ,600  ,gzip-1        ,0.22434457938596492  ,0.30268994808872085
big    ,700  ,gzip-1        ,0.2628863984649123   ,0.35338842975206586
big    ,800  ,gzip-1        ,0.30295173092105276  ,0.40403149606299205
big    ,900  ,gzip-1        ,0.36966644429824563  ,0.45408849557522096
big    ,1000 ,gzip-1        ,0.42697041425438614  ,0.5044435705859218
big    ,1100 ,gzip-1        ,0.5078451331140353   ,0.5548442906574392
big    ,1200 ,gzip-1        ,0.5866158473684213   ,0.6045240339302546
big    ,1300 ,gzip-1        ,0.66519722127193     ,0.6548238897396631
big    ,1400 ,gzip-1        ,0.7472356530701755   ,0.7040614709110868
big    ,1500 ,gzip-1        ,0.8577997846491231   ,0.7537015276145707
big    ,1600 ,gzip-1        ,0.9901917153508775   ,0.8042633228840125
big    ,1700 ,gzip-1        ,1.12744420877193     ,0.8524720893141946
big    ,1800 ,gzip-1        ,1.3022751000000004   ,0.90210970464135
big    ,1900 ,gzip-1        ,1.5188295151315794   ,0.9510676156583621
big    ,2000 ,gzip-1        ,1.5856780877192984   ,1.0
little ,200  ,gzip-1        ,0.012863781359649126 ,0.0673739495798319
little ,300  ,gzip-1        ,0.018178104824561406 ,0.10264042246759475
little ,400  ,gzip-1        ,0.022377476535087728 ,0.13797999354630516
little ,500  ,gzip-1        ,0.02662810548245615  ,0.17272115255150117
little ,600  ,gzip-1        ,0.03360681557017545  ,0.20723747980613877
little ,700  ,gzip-1        ,0.039197481798245615 ,0.2412185031966904
little ,800  ,gzip-1        ,0.048666346710526324 ,0.2752789699570813
little ,900  ,gzip-1        ,0.05411399451754387  ,0.3076258992805754
little ,1000 ,gzip-1        ,0.06141197982456142  ,0.33927532398836274
little ,1100 ,gzip-1        ,0.07103609342105263  ,0.37640845070422524
little ,1200 ,gzip-1        ,0.07905158991228073  ,0.40879541108986595
little ,1300 ,gzip-1        ,0.08939757500000002  ,0.4414315209910529
little ,1400 ,gzip-1        ,0.10395318859649125  ,0.4733579335793356
little ,1500 ,gzip-1        ,0.1172780085526316   ,0.5064350572443743
big    ,200  ,gzip-5        ,0.0790772521929825   ,0.09972398358821323
big    ,300  ,gzip-5        ,0.11820785394736844  ,0.15072725222685743
big    ,400  ,gzip-5        ,0.1574160671052632   ,0.20144665461121133
big    ,500  ,gzip-5        ,0.19123802302631587  ,0.2522264150943393
big    ,600  ,gzip-5        ,0.229573328508772    ,0.30292318150917713
big    ,700  ,gzip-5        ,0.2669928067982458   ,0.3534637757800103
big    ,800  ,gzip-5        ,0.31527067916666673  ,0.4042334442092528
big    ,900  ,gzip-5        ,0.3766403217105264   ,0.4543847722637658
big    ,1000 ,gzip-5        ,0.44246534320175457  ,0.5050245561012463
big    ,1100 ,gzip-5        ,0.5165994883771932   ,0.5551495016611291
big    ,1200 ,gzip-5        ,0.5946888278508774   ,0.6054347826086951
big    ,1300 ,gzip-5        ,0.6784604298245616   ,0.6552941176470582
big    ,1400 ,gzip-5        ,0.7741469046052634   ,0.7046916183447547
big    ,1500 ,gzip-5        ,0.8747444484649125   ,0.7539763113367173
big    ,1600 ,gzip-5        ,1.0130000526315794   ,0.8043321299638984
big    ,1700 ,gzip-5        ,1.1674012671052634   ,0.853639846743295
big    ,1800 ,gzip-5        ,1.353979275657895    ,0.9020242914979753
big    ,1900 ,gzip-5        ,1.535099539912281    ,0.952136752136751
big    ,2000 ,gzip-5        ,1.58235160131579     ,1.0
little ,200  ,gzip-5        ,0.013135760964912282 ,0.0642476089777478
little ,300  ,gzip-5        ,0.018539900438596494 ,0.0973067404280098
little ,400  ,gzip-5        ,0.02376344232456142  ,0.13019088430074002
little ,500  ,gzip-5        ,0.02793614451754387  ,0.16320351605420566
little ,600  ,gzip-5        ,0.03508294364035088  ,0.19521028037383154
little ,700  ,gzip-5        ,0.04260089473684213  ,0.22812286689419767
little ,800  ,gzip-5        ,0.050361319736842124 ,0.25962322781122515
little ,900  ,gzip-5        ,0.058262634210526326 ,0.29086161879895533
little ,1000 ,gzip-5        ,0.06501924298245614  ,0.3195792493425768
little ,1100 ,gzip-5        ,0.07417993333333336  ,0.35262463729886534
little ,1200 ,gzip-5        ,0.08538598245614036  ,0.38624674949436544
little ,1300 ,gzip-5        ,0.09660658750000004  ,0.4137418755803153
little ,1400 ,gzip-5        ,0.11064740964912284  ,0.446642165051787
little ,1500 ,gzip-5        ,0.12346204868421055  ,0.475898896404414
big    ,200  ,gzip-9        ,0.07930143618421055  ,0.0993892447489944
big    ,300  ,gzip-9        ,0.11852629210526319  ,0.15033799008562404
big    ,400  ,gzip-9        ,0.15724671447368427  ,0.20111529766390335
big    ,500  ,gzip-9        ,0.19150664013157906  ,0.25177358490566015
big    ,600  ,gzip-9        ,0.2294484092105264   ,0.3022423556058888
big    ,700  ,gzip-9        ,0.2674169894736843   ,0.35292250727320784
big    ,800  ,gzip-9        ,0.31562464057017553  ,0.40338573155985463
big    ,900  ,gzip-9        ,0.3769714879385966   ,0.4535690006798092
big    ,1000 ,gzip-9        ,0.4429391688596493   ,0.5037372593431481
big    ,1100 ,gzip-9        ,0.5167134552631579   ,0.5541528239202657
big    ,1200 ,gzip-9        ,0.5947156217105265   ,0.6038009049773753
big    ,1300 ,gzip-9        ,0.6784152223684213   ,0.6537971582557567
big    ,1400 ,gzip-9        ,0.7717823274122809   ,0.7030558482613272
big    ,1500 ,gzip-9        ,0.878447016008772    ,0.7530474040632049
big    ,1600 ,gzip-9        ,1.0115878971491232   ,0.8028880866425986
big    ,1700 ,gzip-9        ,1.1734714410087728   ,0.8521072796934863
big    ,1800 ,gzip-9        ,1.3547034412280705   ,0.9004048582995942
big    ,1900 ,gzip-9        ,1.545131031578948    ,0.9488054607508525
big    ,2000 ,gzip-9        ,1.624670463157895    ,1.0
little ,200  ,gzip-9        ,0.013118228289473687 ,0.0641692714594854
little ,300  ,gzip-9        ,0.0186806254385965   ,0.09745125246476291
little ,400  ,gzip-9        ,0.02345515504385966  ,0.130045804502485
little ,500  ,gzip-9        ,0.027962460307017555 ,0.16287074331746595
little ,600  ,gzip-9        ,0.03528447236842105  ,0.19451895043731765
little ,700  ,gzip-9        ,0.04250268947368421  ,0.2267459643160576
little ,800  ,gzip-9        ,0.05045623048245615  ,0.259006211180124
little ,900  ,gzip-9        ,0.058302069956140366 ,0.2906556305815724
little ,1000 ,gzip-9        ,0.06546228486842105  ,0.32349090909090894
little ,1100 ,gzip-9        ,0.07415518223684214  ,0.35264270613107795
little ,1200 ,gzip-9        ,0.0851709993421053   ,0.3830080367393797
little ,1300 ,gzip-9        ,0.09745332960526318  ,0.41596009975062304
little ,1400 ,gzip-9        ,0.11161972368421055  ,0.44658634538152564
little ,1500 ,gzip-9        ,0.12433139956140354  ,0.4753829711435692
big    ,200  ,hash          ,0.07587831973684214  ,0.1018965113556544
big    ,300  ,hash          ,0.11333222587719302  ,0.15387153800824985
big    ,400  ,hash          ,0.15032003706140357  ,0.20576832151300237
big    ,500  ,hash          ,0.18421963289473695  ,0.25710909807010635
big    ,600  ,hash          ,0.2193428414473685   ,0.3083608880491262
big    ,700  ,hash          ,0.25461792324561405  ,0.3592735277930654
big    ,800  ,hash          ,0.2990368078947369   ,0.4106951871657754
big    ,900  ,hash          ,0.3560256107456142   ,0.4608542181433109
big    ,1000 ,hash          ,0.41820953750000006  ,0.5113983548766158
big    ,1100 ,hash          ,0.4860562986842106   ,0.5613069647463458
big    ,1200 ,hash          ,0.5602274603070176   ,0.6118088097469541
big    ,1300 ,hash          ,0.6391098611842106   ,0.6603945371775419
big    ,1400 ,hash          ,0.7232917638157896   ,0.7084102007596317
big    ,1500 ,hash          ,0.8152565991228072   ,0.7573085846867754
big    ,1600 ,hash          ,0.944050509429825    ,0.8074211502782941
big    ,1700 ,hash          ,1.0888040392543865   ,0.8553459119496855
big    ,1800 ,hash          ,1.2452735853070178   ,0.9014084507042254
big    ,1900 ,hash          ,1.4761056324561408   ,0.9485614646904968
big    ,2000 ,hash          ,1.65423589254386     ,1.0
little ,200  ,hash          ,0.0120230576754386   ,0.0578262024980069
little ,300  ,hash          ,0.017922078947368424 ,0.08697042366107113
little ,400  ,hash          ,0.023577865131578953 ,0.11617725573945537
little ,500  ,hash          ,0.02917334100877194  ,0.14521187854521186
little ,600  ,hash          ,0.037678990570175444 ,0.1739872068230277
little ,700  ,hash          ,0.04709302324561405  ,0.20282740407021904
little ,800  ,hash          ,0.057555802850877205 ,0.23144832476511254
little ,900  ,hash          ,0.06751328706140353  ,0.2597692001591723
little ,1000 ,hash          ,0.07941575065789477  ,0.2880847308031775
little ,1100 ,hash          ,0.0928075686403509   ,0.31620247033179943
little ,1200 ,hash          ,0.1079728557017544   ,0.3440316205533597
little ,1300 ,hash          ,0.12664534758771934  ,0.37175398633257417
little ,1400 ,hash          ,0.14848788618421058  ,0.3986564885496183
little ,1500 ,hash          ,0.16795468530701763  ,0.42583170254403147
big    ,200  ,idle          ,0.029714405701754387 ,1.0
big    ,300  ,idle          ,0.03666720614035088  ,1.0
big    ,400  ,idle          ,0.04395965131578947  ,1.0
big    ,500  ,idle          ,0.04994220394736842  ,1.0
big    ,600  ,idle          ,0.05538611184210526  ,1.0
big    ,700  ,idle          ,0.06248672149122807  ,1.0
big    ,800  ,idle          ,0.07078928289473684  ,1.0
big    ,900  ,idle          ,0.08205288596491228  ,1.0
big    ,1000 ,idle          ,0.09593998903508773  ,1.0
big    ,1100 ,idle          ,0.11036193421052631  ,1.0
big    ,1200 ,idle          ,0.12385000877192985  ,1.0
big    ,1300 ,idle          ,0.14335677850877193  ,1.0
big    ,1400 ,idle          ,0.16118693640350876  ,1.0
big    ,1500 ,idle          ,0.18216388377192982  ,1.0
big    ,1600 ,idle          ,0.21046220175438596  ,1.0
big    ,1700 ,idle          ,0.24091507675438595  ,1.0
big    ,1800 ,idle          ,0.28220283771929827  ,1.0
big    ,1900 ,idle          ,0.3259804473684211   ,1.0
big    ,2000 ,idle          ,0.41297099342105265  ,1.0
little ,200  ,idle          ,0.009238804824561405 ,1.0
little ,300  ,idle          ,0.011662326754385966 ,1.0
little ,400  ,idle          ,0.014739322368421051 ,1.0
little ,500  ,idle          ,0.017003475877192982 ,1.0
little ,600  ,idle          ,0.021402447368421052 ,1.0
little ,700  ,idle          ,0.027034129385964913 ,1.0
little ,800  ,idle          ,0.03312820175438596  ,1.0
little ,900  ,idle          ,0.039642149122807016 ,1.0
little ,1000 ,idle          ,0.047670885964912285 ,1.0
little ,1100 ,idle          ,0.05617760745614035  ,1.0
little ,1200 ,idle          ,0.06539486622807017  ,1.0
little ,1300 ,idle          ,0.07920067543859649  ,1.0
little ,1400 ,idle          ,0.09332400438596491  ,1.0
little ,1500 ,idle          ,0.10933198464912279  ,1.0
